Wave #,Title,Status,Recovery Source,Output Files
1,,Pending,Memory + Archive,"{'Human Readable': 'Wave_01_Test_Cases.md', 'Machine Readable': 'Wave_01_Test_Cases.csv'}"
2,,Pending,Memory + Archive,"{'Human Readable': 'Wave_02_Test_Cases.md', 'Machine Readable': 'Wave_02_Test_Cases.csv'}"
3,,Pending,Memory + Archive,"{'Human Readable': 'Wave_03_Test_Cases.md', 'Machine Readable': 'Wave_03_Test_Cases.csv'}"
4,,Pending,Memory + Archive,"{'Human Readable': 'Wave_04_Test_Cases.md', 'Machine Readable': 'Wave_04_Test_Cases.csv'}"
5,,Pending,Memory + Archive,"{'Human Readable': 'Wave_05_Test_Cases.md', 'Machine Readable': 'Wave_05_Test_Cases.csv'}"
6,,Pending,Memory + Archive,"{'Human Readable': 'Wave_06_Test_Cases.md', 'Machine Readable': 'Wave_06_Test_Cases.csv'}"
7,,Pending,Memory + Archive,"{'Human Readable': 'Wave_07_Test_Cases.md', 'Machine Readable': 'Wave_07_Test_Cases.csv'}"
8,,Pending,Memory + Archive,"{'Human Readable': 'Wave_08_Test_Cases.md', 'Machine Readable': 'Wave_08_Test_Cases.csv'}"
9,,Pending,Memory + Archive,"{'Human Readable': 'Wave_09_Test_Cases.md', 'Machine Readable': 'Wave_09_Test_Cases.csv'}"
10,,Pending,Memory + Archive,"{'Human Readable': 'Wave_10_Test_Cases.md', 'Machine Readable': 'Wave_10_Test_Cases.csv'}"
11,,Pending,Memory + Archive,"{'Human Readable': 'Wave_11_Test_Cases.md', 'Machine Readable': 'Wave_11_Test_Cases.csv'}"
12,,Pending,Memory + Archive,"{'Human Readable': 'Wave_12_Test_Cases.md', 'Machine Readable': 'Wave_12_Test_Cases.csv'}"
14,,Pending,Memory + Archive,"{'Human Readable': 'Wave_14_Test_Cases.md', 'Machine Readable': 'Wave_14_Test_Cases.csv'}"
15,,Pending,Memory + Archive,"{'Human Readable': 'Wave_15_Test_Cases.md', 'Machine Readable': 'Wave_15_Test_Cases.csv'}"
16,,Pending,Memory + Archive,"{'Human Readable': 'Wave_16_Test_Cases.md', 'Machine Readable': 'Wave_16_Test_Cases.csv'}"
